seqnames	start	end	width	strand	pval	SE	BETA	SNP
chr17	39503353	39503353	1	*	1.18e-07	0.01551783	-0.08219703	rs2018026
chr17	39504216	39504216	1	*	1.31e-07	0.01584956	-0.0836361	rs6503518
chr17	39506701	39506701	1	*	1.39e-07	0.01469862	-0.0774101	rs11078907
chr17	39508190	39508190	1	*	1.58e-07	0.01469596	-0.07704223	rs7225096
chr17	39509301	39509301	1	*	5.22e-08	0.01451232	-0.07900206	rs12936996
chr17	39509318	39509318	1	*	2.35e-10	0.01710144	-0.1083603	rs12937013
chr17	39513451	39513451	1	*	1.55e-08	0.01427854	-0.08076011	rs7503705
chr17	39515237	39515237	1	*	3.26e-08	0.01506597	-0.08326628	rs11078912
chr17	39515461	39515461	1	*	1.75e-08	0.01451405	-0.08178101	rs11078913
chr17	39523843	39523843	1	*	1.18e-08	0.01530214	-0.08726644	rs11658678
chr17	39525079	39525079	1	*	2.33e-08	0.01426511	-0.07967833	rs8065963
chr17	39526404	39526404	1	*	0.3754671	0.02086854	0.01849535	rs4404103
chr17	39529148	39529148	1	*	1.54e-09	0.0173556	-0.1048293	rs8069074
chr17	39538456	39538456	1	*	2.19e-08	0.01426346	-0.07981982	rs12450559
chr17	39539982	39539982	1	*	2.52e-08	0.01426738	-0.07949586	rs4239222
chr17	39543125	39543125	1	*	3.18e-10	0.01710052	-0.1075557	rs11657058
chr17	39543476	39543476	1	*	5.95e-10	0.01769775	-0.1095788	rs11657153
chr17	39547487	39547487	1	*	3.17e-08	0.01426884	-0.07892973	rs11654018
chr17	39547964	39547964	1	*	2.61e-08	0.01426818	-0.07941134	rs2303316
chr17	39551339	39551339	1	*	3.83e-10	0.01709956	-0.1070593	rs12947506
chr17	39552588	39552588	1	*	3.71e-10	0.0170995	-0.1071383	rs7503377
chr17	39553169	39553169	1	*	1.93e-08	0.01426607	-0.08015525	rs7216086
chr17	39555312	39555312	1	*	0.2873595	0.05102283	-0.05428482	rs9972899
chr17	39559173	39559173	1	*	1.2e-08	0.01433423	-0.08170637	rs11078915
chr17	39559298	39559298	1	*	1.54e-10	0.01740102	-0.1113954	rs6503521
chr17	39566262	39566262	1	*	1.02e-06	0.01394591	-0.0681745	rs7503195
chr17	39567038	39567038	1	*	0.1042068	0.02307207	0.03748732	rs8081144
chr17	39569151	39569151	1	*	0.1831582	0.0510848	-0.06799866	rs7218361
chr17	39570170	39570170	1	*	3.9e-11	0.01738421	0.1148702	rs903507
chr17	39571697	39571697	1	*	4.28e-09	0.01732638	0.1017604	rs8182252
chr17	39572778	39572778	1	*	2.64e-11	0.01735924	0.1157056	rs1874226
chr17	39576895	39576895	1	*	1.16e-12	0.01728598	0.1229	rs4795385
chr17	39583021	39583021	1	*	2.16e-09	0.01457326	-0.08722524	rs1619021
chr17	39583908	39583908	1	*	1.8e-12	0.01724588	-0.121572	rs1877030
chr17	39585626	39585626	1	*	3.48e-14	0.0170222	-0.1290121	rs12453198
chr17	39589726	39589726	1	*	1.57e-14	0.01691952	-0.1299679	rs11654954
chr17	39601714	39601714	1	*	0.1527027	0.02129063	0.03044667	rs9889354
chr17	39613752	39613752	1	*	9.56e-14	0.01377145	-0.1025532	rs12453682
chr17	39614811	39614811	1	*	0.2011557	0.02112364	0.02700163	rs1877032
chr17	39619021	39619021	1	*	5.81e-12	0.01444309	-0.09942936	rs1874228
chr17	39625596	39625596	1	*	1.61e-13	0.01712898	-0.1263779	rs879606
chr17	39628737	39628737	1	*	4.27e-14	0.01569661	-0.1185461	rs2271309
chr17	39634118	39634118	1	*	1.28e-12	0.01563951	-0.1109905	rs907094
chr17	39634686	39634686	1	*	4.64e-10	0.01717525	-0.1070159	rs3764352
chr17	39636360	39636360	1	*	0.1118086	0.04952397	-0.07874888	rs9532
chr17	39639575	39639575	1	*	0.2656742	0.05326117	-0.05928393	rs9896679
chr17	39641473	39641473	1	*	0.4104026	0.05117382	-0.04212553	rs9913626
chr17	39648605	39648605	1	*	0.5712715	0.02346325	0.01328442	rs9892427
chr17	39651445	39651445	1	*	1.85e-20	0.01435126	-0.1330476	rs9972882
chr17	39657827	39657827	1	*	1.32e-18	0.01321292	-0.1163264	rs1877031
chr17	39661229	39661229	1	*	1.93e-17	0.0140455	-0.1193596	rs2271308
chr17	39665182	39665182	1	*	2.55e-18	0.01322234	-0.1154292	rs931992
chr17	39666058	39666058	1	*	1.22e-15	0.01457144	-0.1166097	rs1053651
chr17	39668292	39668292	1	*	1.92e-16	0.01572131	-0.1293415	rs876493
chr17	39671819	39671819	1	*	8.89e-23	0.01480918	-0.1454836	rs14050
chr17	39672243	39672243	1	*	2.32e-27	0.01352508	-0.1465578	rs2952151
chr17	39672492	39672492	1	*	6.42e-23	0.01457565	-0.1436662	rs2941503
chr17	39672534	39672534	1	*	6.67e-23	0.01478354	-0.1456574	rs907087
chr17	39673351	39673351	1	*	1.43e-24	0.01319102	-0.1349636	rs903502
chr17	39674647	39674647	1	*	1.28e-27	0.01350625	-0.1470916	rs2941504
chr17	39674782	39674782	1	*	3.85e-27	0.01350653	-0.1457309	rs1565922
chr17	39676113	39676113	1	*	4.33e-24	0.01427867	-0.1445547	rs2934952
chr17	39676451	39676451	1	*	2.83e-24	0.01320179	-0.1342026	rs2941505
chr17	39676782	39676782	1	*	2.17e-23	0.01344243	-0.1339507	rs2941506
chr17	39677347	39677347	1	*	1.42e-22	0.01339314	-0.1309428	rs907089
chr17	39677589	39677589	1	*	2.5e-23	0.01344197	-0.1337604	rs2313171
chr17	39678288	39678288	1	*	4.46e-23	0.01318737	-0.1304631	rs12150298
chr17	39678745	39678745	1	*	2.05e-23	0.01344796	-0.1340839	rs8078228
chr17	39679502	39679502	1	*	2.59e-21	0.01363383	-0.1292215	rs11078919
chr17	39679990	39679990	1	*	2.15e-23	0.01320811	-0.1316327	rs1476278
chr17	39680100	39680100	1	*	1.44e-22	0.01344569	-0.1314373	rs9303274
chr17	39682463	39682463	1	*	3.13e-24	0.01322737	-0.1343306	rs2517957
chr17	39682498	39682498	1	*	3.07e-24	0.01323132	-0.1343949	rs2517958
chr17	39683240	39683240	1	*	2.68e-21	0.01474999	-0.1397503	rs903501
chr17	39687297	39687297	1	*	4.84e-28	0.01358214	-0.1491126	rs2517954
chr17	39687428	39687428	1	*	2.22e-23	0.01345388	-0.1340393	rs2517955
chr17	39687606	39687606	1	*	1.05e-26	0.01356908	-0.1451458	rs2517956
chr17	39702425	39702425	1	*	2.09e-25	0.01408102	-0.146669	rs1565923
chr17	39705465	39705465	1	*	2.8e-24	0.0148933	-0.1514113	rs2952155
chr17	39707455	39707455	1	*	8.87e-05	0.02662059	0.1043453	rs4252612
chr17	39709752	39709752	1	*	7.92e-29	0.01359203	-0.1514285	rs1810132
chr17	39720582	39720582	1	*	7.55e-29	0.01362275	-0.1518287	rs2952156
chr17	39723335	39723335	1	*	0.0032379	0.01821048	-0.05361537	rs1136201
chr17	39729130	39729130	1	*	0.0006244	0.0325746	-0.1114305	rs4252665
chr17	39738210	39738210	1	*	0.0001165	0.02839481	-0.1094146	rs9896218
chr17	39739722	39739722	1	*	0.0002671	0.03273936	-0.1193434	rs9896940
chr17	39742469	39742469	1	*	0.005083	0.02097158	0.05875663	rs8192704
chr17	39747958	39747958	1	*	0.0015349	0.03466938	-0.1098325	rs9910678
chr17	39755268	39755268	1	*	0.0002051	0.03195311	-0.118629	rs9891131
chr17	39765489	39765489	1	*	1.12e-36	0.01342785	0.1698578	rs907091
chr17	39766006	39766006	1	*	2.16e-32	0.01325813	-0.1571052	rs907092
chr17	39774406	39774406	1	*	0.0164495	0.03564646	-0.08550822	rs2313429
chr17	39774967	39774967	1	*	0.0175517	0.03388786	-0.08048172	rs7503018
chr17	39781794	39781794	1	*	3.99e-34	0.01309191	-0.1594536	rs10445308
chr17	39785127	39785127	1	*	0.0168802	0.03562392	-0.08511647	rs1510475
chr17	39787478	39787478	1	*	0.022201	0.03384135	-0.07739214	rs9911634
chr17	39787548	39787548	1	*	0.0198205	0.03379162	-0.07872532	rs9911688
chr17	39789872	39789872	1	*	0.0160802	0.03555717	-0.08558927	rs9914516
chr17	39789975	39789975	1	*	0.0157985	0.03553649	-0.08576865	rs9913044
chr17	39793671	39793671	1	*	1.68e-07	0.02408387	0.1260002	rs17676191
chr17	39798505	39798505	1	*	0.0007121	0.03396343	-0.1149623	rs9899345
chr17	39799302	39799302	1	*	0.0193954	0.03379403	-0.07900514	rs13313564
chr17	39799565	39799565	1	*	0.0190581	0.03380147	-0.07924391	rs13313573
chr17	39801064	39801064	1	*	0.01975	0.03377581	-0.07873359	rs12937330
chr17	39808183	39808183	1	*	0.0150027	0.03552851	-0.08641648	rs4337325
chr17	39813896	39813896	1	*	4.16e-34	0.01306987	-0.1591427	rs9909593
chr17	39818246	39818246	1	*	0.0165291	0.03386106	-0.08116557	rs9913957
chr17	39820216	39820216	1	*	1.18e-40	0.01300858	-0.1736664	rs9303277
chr17	39820248	39820248	1	*	0.0140344	0.03552932	-0.0872736	rs9904834
chr17	39820349	39820349	1	*	0.0179246	0.03379327	-0.07999445	rs9911069
chr17	39820674	39820674	1	*	0.0160224	0.03381251	-0.08143423	rs9908983
chr17	39821288	39821288	1	*	0.0161644	0.03380767	-0.08131358	rs8076347
chr17	39825785	39825785	1	*	0.0154298	0.03381007	-0.08189239	rs12942660
chr17	39826630	39826630	1	*	0.0002412	0.01935671	-0.07106662	rs2060941
chr17	39828177	39828177	1	*	0.0162968	0.03382638	-0.08125772	rs12946188
chr17	39829548	39829548	1	*	2.79e-38	0.01323507	-0.1712191	rs3816470
chr17	39830084	39830084	1	*	0.0168708	0.03383496	-0.080849	rs9913769
chr17	39838372	39838372	1	*	0.0171331	0.03383163	-0.08064917	rs9900019
chr17	39841519	39841519	1	*	0.0161631	0.03382801	-0.08136351	rs9908694
chr17	39853423	39853423	1	*	0.0194278	0.03373377	-0.07884318	rs12947480
chr17	39854562	39854562	1	*	0.0178174	0.03372207	-0.07990077	rs8079075
chr17	39855456	39855456	1	*	0.0265997	0.03439566	-0.07626697	rs9900538
chr17	39858063	39858063	1	*	0.0181673	0.036086	-0.08524199	rs16965367
chr17	39858452	39858452	1	*	0.0184247	0.03345293	-0.07884755	rs9915509
chr17	39858807	39858807	1	*	0.0129322	0.03508963	-0.08721985	rs9916259
chr17	39861527	39861527	1	*	0.0213761	0.03333407	-0.07671087	rs9899336
chr17	39862521	39862521	1	*	0.0304488	0.03382798	-0.07321061	rs9907096
chr17	39862550	39862550	1	*	0.0259026	0.03324289	-0.07405415	rs9907966
chr17	39863888	39863888	1	*	1.5e-22	0.01622498	0.1585393	rs9635726
chr17	39867188	39867188	1	*	0.020216	0.03291675	-0.07644308	rs1453560
chr17	39867492	39867492	1	*	2.15e-27	0.01389719	-0.1506914	rs4795397
chr17	39868373	39868373	1	*	6.18e-32	0.01333952	-0.1568892	rs11557466
chr17	39868955	39868955	1	*	1.01e-33	0.01306586	-0.1581418	rs11078925
chr17	39869164	39869164	1	*	1.12e-19	0.01449341	-0.1315531	rs12150079
chr17	39872381	39872381	1	*	1.39e-29	0.01437778	-0.1623994	rs11557467
chr17	39875461	39875461	1	*	2e-26	0.014426	-0.1534538	rs10852936
chr17	39877024	39877024	1	*	8.2e-34	0.01316239	-0.1595386	rs1054609
chr17	39878863	39878863	1	*	6.85e-34	0.0130545	-0.1584231	rs9907088
chr17	39883866	39883866	1	*	5.47e-34	0.01305309	-0.1586459	rs12232497
chr17	39884510	39884510	1	*	5.24e-34	0.01305523	-0.1587181	rs2872507
chr17	39887090	39887090	1	*	1.87e-40	0.01298471	-0.172902	rs9901146
chr17	39892980	39892980	1	*	1.75e-40	0.01298853	-0.1730196	rs12950743
chr17	39893336	39893336	1	*	2.16e-37	0.01353004	-0.1728945	rs7359623
chr17	39895095	39895095	1	*	2.78e-40	0.0129952	-0.1726582	rs8067378
chr17	39897636	39897636	1	*	0.0604812	0.03131397	-0.05878475	rs2123685
chr17	39900944	39900944	1	*	2.92e-36	0.01311172	-0.1648704	rs8069176
chr17	39905943	39905943	1	*	3.18e-36	0.01308375	-0.1644322	rs2305480
chr17	39905964	39905964	1	*	1e-42	0.01300782	-0.1782187	rs2305479
chr17	39906723	39906723	1	*	7.13e-29	0.01447381	-0.1613886	rs11078926
chr17	39908152	39908152	1	*	4.21e-36	0.01309826	-0.1643243	rs11078927
chr17	39909987	39909987	1	*	1.03e-42	0.01303815	-0.1786045	rs2290400
chr17	39910014	39910014	1	*	6.29e-42	0.01300668	-0.17646	rs1008723
chr17	39910767	39910767	1	*	1.25e-35	0.01309745	-0.163179	rs4795400
chr17	39911790	39911790	1	*	8.01e-41	0.01315458	0.1759962	rs869402
chr17	39913696	39913696	1	*	2.51e-42	0.01307146	0.1782162	rs7216389
chr17	39917778	39917778	1	*	1.38e-38	0.01339656	0.1740298	rs9303280
chr17	39917793	39917793	1	*	2.91e-42	0.0130839	0.1782469	rs9303281
chr17	39918265	39918265	1	*	2.81e-42	0.01308714	0.1783244	rs7219923
chr17	39919173	39919173	1	*	2.45e-42	0.01309857	0.178612	rs7224129
chr17	39921159	39921159	1	*	0.0737354	0.03158109	-0.05647493	rs3169572
chr17	39924612	39924612	1	*	2.09e-40	0.01442358	0.1919459	rs4065275
chr17	39924659	39924659	1	*	2.44e-34	0.01346624	0.1645517	rs8076131
chr17	39926554	39926554	1	*	1.01e-37	0.01334425	0.1713118	rs12603332
chr17	39926578	39926578	1	*	8.59e-06	0.02106977	-0.0937603	rs17608925
chr17	39928097	39928097	1	*	8.28e-11	0.01546878	0.1004774	rs3744246
chr17	39929132	39929132	1	*	3.61e-13	0.01439143	0.1046199	rs4795402
chr17	39929469	39929469	1	*	6.87e-11	0.01546745	0.1009013	rs4795403
chr17	39929538	39929538	1	*	8.74e-11	0.01547764	0.1004073	rs4795404
chr17	39932164	39932164	1	*	1.39e-39	0.01281018	0.1686474	rs4795405
chr17	39933091	39933091	1	*	8.05e-32	0.0138208	0.1622416	rs4794820
chr17	39935407	39935407	1	*	4.72e-29	0.01325453	0.1482795	rs7207600
chr17	39936460	39936460	1	*	1.43e-35	0.01271842	0.1583246	rs8079416
chr17	39942782	39942782	1	*	1.79e-27	0.0133697	0.145191	rs8065126
chr17	39950842	39950842	1	*	0.0277492	0.02722831	-0.05992444	rs16965456
chr17	39951374	39951374	1	*	2.12e-36	0.0127932	0.1611891	rs4795408
chr17	39952110	39952110	1	*	1.38e-24	0.01390873	0.1423616	rs9895948
chr17	39954436	39954436	1	*	2.86e-24	0.01411166	0.1434365	rs17609240
chr17	39955101	39955101	1	*	3.77e-26	0.01328384	0.1405158	rs1007654
chr17	39955166	39955166	1	*	1.8e-23	0.01438078	0.1435706	rs1007655
chr17	39955592	39955592	1	*	2.96e-26	0.01329751	0.140963	rs2313640
chr17	39958108	39958108	1	*	1.94e-26	0.01330275	0.141545	rs7218742
chr17	39958216	39958216	1	*	3.33e-25	0.01356264	0.1406716	rs7218321
chr17	39958263	39958263	1	*	4.9e-26	0.01325901	0.1399267	rs7219080
chr17	39958345	39958345	1	*	2.27e-35	0.01273505	0.158058	rs6503526
chr17	39958466	39958466	1	*	4.7e-23	0.01405054	0.1389306	rs6503527
chr17	39963001	39963001	1	*	8.34e-31	0.0127923	0.1476171	rs3902025
chr17	39965740	39965740	1	*	1.06e-34	0.01269462	0.1559778	rs3894194
chr17	39966427	39966427	1	*	7.78e-33	0.01327826	-0.158475	rs7212938
chr17	39972395	39972395	1	*	5.38e-28	0.0127406	0.1397524	rs3859192
chr17	39977669	39977669	1	*	3.09e-05	0.01668845	0.06953714	rs921651
chr17	39981370	39981370	1	*	1.07e-20	0.01279372	-0.1193479	rs8075668
chr17	39982371	39982371	1	*	9.27e-20	0.01298039	-0.1180854	rs2305481
chr17	39982771	39982771	1	*	0.2684009	0.02344201	-0.0259445	rs11655584
chr17	39984674	39984674	1	*	7.12e-11	0.01250639	-0.08151698	rs2305482
chr17	39985702	39985702	1	*	1.49e-20	0.01425764	-0.1325099	rs11078930
chr17	39986725	39986725	1	*	0.0039397	0.0171014	0.0493025	rs3859188
chr17	39987129	39987129	1	*	0.0123826	0.02467798	0.06172086	rs4795411
chr17	39987295	39987295	1	*	2.17e-11	0.01271843	-0.08513787	rs4065321
chr17	39989901	39989901	1	*	0.002418	0.01662122	0.0504191	rs9916279
chr17	39990676	39990676	1	*	8.53e-11	0.01248871	-0.08106273	rs8066582
chr17	39990713	39990713	1	*	0.0022563	0.01662191	0.05076724	rs8080546
chr17	39992780	39992780	1	*	6.82e-08	0.02112641	0.1139942	rs11652139
chr17	39992983	39992983	1	*	7.43e-11	0.01249969	-0.08139493	rs11658328
chr17	39993983	39993983	1	*	0.0026463	0.02373162	0.07133952	rs3826330
chr17	39994693	39994693	1	*	6.31e-05	0.03059278	0.1223961	rs4795413
chr17	39994761	39994761	1	*	4.72e-11	0.01250135	-0.08225308	rs2241245
chr17	39997220	39997220	1	*	2.56e-19	0.01298429	-0.1166815	rs12453334
chr17	40000459	40000459	1	*	9.99e-17	0.01274568	0.1058514	rs4794822
chr17	40001317	40001317	1	*	0.0028369	0.01667441	0.04977103	rs8068076
chr17	40004501	40004501	1	*	1.04e-16	0.01273055	0.1056723	rs8070454
chr17	40006230	40006230	1	*	0.0081677	0.02402897	0.06355803	rs6503531
chr17	40010626	40010626	1	*	1.03e-16	0.0127499	0.1058356	rs8078723
chr17	40012360	40012360	1	*	0.0032001	0.01673647	0.04933631	rs7224260
chr17	40014592	40014592	1	*	6.2e-20	0.01295479	-0.1184179	rs2227319
chr17	40016052	40016052	1	*	0.0095723	0.02384854	0.06178938	rs2071369
chr17	40016199	40016199	1	*	0.0102107	0.02471724	0.06348898	rs2071370
chr17	40016890	40016890	1	*	5.18e-20	0.01321334	-0.1210367	rs25645
chr17	40017484	40017484	1	*	0.0021005	0.0167179	0.05141836	rs2827
chr17	40017539	40017539	1	*	0.0076687	0.02398059	0.06393989	rs1042657
chr17	40017649	40017649	1	*	6.28e-17	0.01279668	0.1069791	rs1042658
chr17	40019173	40019173	1	*	2.76e-14	0.01402334	0.1067073	rs1045929
chr17	40019209	40019209	1	*	4.83e-18	0.01419342	-0.1228763	rs12309
chr17	40019300	40019300	1	*	7.06e-17	0.01280042	0.1068324	rs709592
chr17	40021179	40021179	1	*	0.0070686	0.02407235	0.0648411	rs9913632
chr17	40021896	40021896	1	*	4.38e-13	0.01358694	-0.09841579	rs2302776
chr17	40022374	40022374	1	*	3.11e-17	0.01305653	0.1102285	rs3213762
chr17	40023022	40023022	1	*	1.36e-17	0.01368499	-0.1168492	rs12451897
chr17	40023121	40023121	1	*	6.95e-05	0.03045942	0.1211667	rs4247366
chr17	40023239	40023239	1	*	1.69e-20	0.01297172	-0.120378	rs2302777
chr17	40025828	40025828	1	*	0.4685536	0.01545659	0.01120347	rs7503939
chr17	40025976	40025976	1	*	7.1e-18	0.0136535	-0.1176018	rs9916158
chr17	40026591	40026591	1	*	0.2619452	0.01464643	0.01643044	rs2302775
chr17	40026837	40026837	1	*	3.59e-20	0.01322619	-0.1216764	rs2302774
chr17	40032591	40032591	1	*	7.68e-17	0.01336051	-0.111375	rs7502514
chr17	40032802	40032802	1	*	4.94e-14	0.01470295	-0.1107633	rs3935280
chr17	40035671	40035671	1	*	0.2576797	0.01539302	0.01742325	rs6503534
chr17	40039242	40039242	1	*	0.2264805	0.01580347	0.0191139	rs3934886
chr17	40041661	40041661	1	*	7.28e-18	0.01323775	-0.113982	rs11078936
chr17	40052687	40052687	1	*	3.27e-15	0.01293577	-0.1019336	rs8065443
chr17	40057106	40057106	1	*	2.73e-15	0.01292662	-0.1021564	rs868150
chr17	40060269	40060269	1	*	3.03e-06	0.01340866	0.06260626	rs7502966
chr17	40064855	40064855	1	*	0.3315567	0.01532387	0.01487921	rs1568400
chr17	40075123	40075123	1	*	0.0004577	0.01590495	-0.05573715	rs1879265
chr17	40075600	40075600	1	*	0.0014183	0.01430223	-0.04563714	rs939348
chr17	40083963	40083963	1	*	0.0060539	0.03675611	0.1008899	rs2230701
chr17	40089538	40089538	1	*	0.005361	0.03703689	0.1031293	rs12939700
chr17	40092101	40092101	1	*	0.043805	0.02020885	0.04074007	rs3744805
chr17	40094529	40094529	1	*	0.1254729	0.02886354	0.04422474	rs4794826
chr17	40096959	40096959	1	*	0.0135101	0.0210586	0.05201545	rs2314339
chr17	40098239	40098239	1	*	0.2235364	0.01601508	0.01949321	rs2071427
chr17	40098436	40098436	1	*	0.0001932	0.01713952	0.06389126	rs2269457
chr17	40099341	40099341	1	*	3.93e-05	0.01635928	0.06725914	rs12941497
chr17	40100148	40100148	1	*	0.3506283	0.04749662	0.04433199	rs17616365
chr17	40100440	40100440	1	*	0.0002648	0.01639273	0.05979202	rs939347
chr17	40100837	40100837	1	*	0.0019663	0.01645146	0.05092184	rs2071570
chr17	40101993	40101993	1	*	0.432144	0.04956999	0.03893862	rs10512481
chr17	40107944	40107944	1	*	0.0120451	0.02268508	0.05695814	rs16965644
chr17	40113651	40113651	1	*	0.3231531	0.04730742	0.04673968	rs1104761
chr17	40113814	40113814	1	*	0.4720139	0.04477977	0.03220589	rs17616543
chr17	40126946	40126946	1	*	0.3338968	0.04704233	0.04545675	rs9900154
chr17	40132750	40132750	1	*	0.0003575	0.01566978	0.05593545	rs7211770
chr17	40135568	40135568	1	*	0.4789888	0.04470171	0.03164567	rs16965660
chr17	40147294	40147294	1	*	0.0610317	0.02550717	0.04778171	rs16965666
chr17	40148103	40148103	1	*	0.3404779	0.04709395	0.04489097	rs16965669
chr17	40149128	40149128	1	*	0.3925318	0.04762466	0.04072075	rs9898500
chr17	40151989	40151989	1	*	0.2798337	0.04721757	0.05102769	rs9910373
chr17	40151991	40151991	1	*	0.0216913	0.01732674	-0.03977754	rs10852939
chr17	40152090	40152090	1	*	0.3401393	0.04735508	0.04517154	rs9909777
chr17	40160437	40160437	1	*	0.9605182	0.0322148	-0.00159474	rs3923170
chr17	40160523	40160523	1	*	0.1937397	0.02067333	-0.02686696	rs3923166
chr17	40173925	40173925	1	*	0.4165256	0.04843608	0.03935256	rs9894807
chr17	40192875	40192875	1	*	0.5642617	0.01885817	0.01087217	rs2280400
chr17	40202649	40202649	1	*	0.6619272	0.01938259	0.00847511	rs9907683
chr17	40217879	40217879	1	*	0.1452275	0.0587305	-0.08554669	rs11867995
chr17	40218355	40218355	1	*	0.1143338	0.05856307	-0.09247167	rs11871303
chr17	40223596	40223596	1	*	0.513808	0.0216993	-0.0141679	rs9901109
chr17	40226673	40226673	1	*	0.3755455	0.01899925	-0.01683587	rs6503539
chr17	40230223	40230223	1	*	0.3853153	0.01898997	-0.01648604	rs9908034
chr17	40231266	40231266	1	*	0.4911063	0.02052155	-0.01413012	rs16965687
chr17	40231788	40231788	1	*	0.212534	0.02045919	-0.025505	rs9916782
chr17	40231939	40231939	1	*	0.5279534	0.02055209	-0.01297111	rs8066144
chr17	40242978	40242978	1	*	0.4418656	0.01894831	-0.01457214	rs9904021
chr17	40244893	40244893	1	*	0.7258747	0.02118954	-0.00742944	rs9893520
